<?xml version="1.0" encoding="utf-8"?>
<HRAActivityDataGridStyle>
  <ColumnCount>28</ColumnCount>
  <GridLineStyle>False</GridLineStyle>
  <GridDefaultSort>TRANSACTION_DATE DESC, TRANS_ID</GridDefaultSort>
  <Column>
    <DefaultOrder>1</DefaultOrder>
    <DefaultCharWidth>9</DefaultCharWidth>
    <Mapping>FAMILY_ID</Mapping>
    <HeaderText>Family ID</HeaderText>
    <Type>Text</Type>
    <Format></Format>
    <ReadOnly>True</ReadOnly>
    <CanFilterBy>True</CanFilterBy>
    <NullText></NullText>
  </Column>
  <Column>
    <DefaultOrder>2</DefaultOrder>
    <DefaultCharWidth>10</DefaultCharWidth>
    <Mapping>RELATION_ID</Mapping>
    <HeaderText>Relation ID</HeaderText>
    <Type>Text</Type>
    <Format></Format>
    <ReadOnly>True</ReadOnly>
    <CanFilterBy>True</CanFilterBy>
    <NullText></NullText>
  </Column>
  <Column>
    <DefaultOrder>3</DefaultOrder>
    <DefaultCharWidth>8</DefaultCharWidth>
    <Mapping>ARCHIVE_SW</Mapping>
    <HeaderText>Archived</HeaderText>
    <Type>Bool</Type>
    <Format>YesNo</Format>
    <ReadOnly>True</ReadOnly>
    <NullText>0</NullText>
    <Visible>True</Visible>
    <Method></Method>
  </Column>
  <Column>
    <DefaultOrder>4</DefaultOrder>
    <DefaultCharWidth>12</DefaultCharWidth>
    <Mapping>EVENT_DATE</Mapping>
    <HeaderText>Signature/Event Date</HeaderText>
    <Type>Text</Type>
    <Format>MM/dd/yyyy</Format>
    <ReadOnly>True</ReadOnly>
    <CanFilterBy>True</CanFilterBy>
    <NullText></NullText>
  </Column>
  <Column>
    <DefaultOrder>5</DefaultOrder>
    <DefaultCharWidth>12</DefaultCharWidth>
    <Mapping>EFFECTIVE_DATE</Mapping>
    <HeaderText>Effective Date</HeaderText>
    <Type>Text</Type>
    <Format>MM/dd/yyyy</Format>
    <ReadOnly>True</ReadOnly>
    <CanFilterBy>True</CanFilterBy>
    <NullText></NullText>
  </Column>
  <Column>
    <DefaultOrder>6</DefaultOrder>
    <DefaultCharWidth>13</DefaultCharWidth>
    <Mapping>EXPIRATION_DATE</Mapping>
    <HeaderText>Expiration Date</HeaderText>
    <Type>Text</Type>
    <Format>MM/dd/yyyy</Format>
    <ReadOnly>True</ReadOnly>
    <CanFilterBy>True</CanFilterBy>
    <NullText></NullText>
  </Column>
  <Column>
    <DefaultOrder>7</DefaultOrder>
    <DefaultCharWidth>72</DefaultCharWidth>
    <Mapping>EVENT_DESC</Mapping>
    <HeaderText>Event Description</HeaderText>
    <Type>Text</Type>
    <Format></Format>
    <ReadOnly>True</ReadOnly>
    <CanFilterBy>True</CanFilterBy>
    <NullText></NullText>
  </Column>
  <Column>
    <DefaultOrder>8</DefaultOrder>
    <DefaultCharWidth>13</DefaultCharWidth>
    <Mapping>TRANSACTION_AMT</Mapping>
    <HeaderText>Transaction Amt</HeaderText>
    <Type>Text</Type>
    <Format>c</Format>
    <ReadOnly>True</ReadOnly>
    <CanFilterBy>True</CanFilterBy>
    <NullText></NullText>
  </Column>
  <Column>
    <DefaultOrder>9</DefaultOrder>
    <DefaultCharWidth>11</DefaultCharWidth>
    <Mapping>TRANSACTION_DATE</Mapping>
    <HeaderText>Trans Date</HeaderText>
    <Type>Text</Type>
    <Format>MM/dd/yyyy</Format>
    <ReadOnly>True</ReadOnly>
    <CanFilterBy>True</CanFilterBy>
    <NullText></NullText>
  </Column>
  <Column>
    <DefaultOrder>10</DefaultOrder>
    <DefaultCharWidth>8</DefaultCharWidth>
    <Mapping>CLAIM_ID</Mapping>
    <HeaderText>Claim ID</HeaderText>
    <Type>Text</Type>
    <Format></Format>
    <ReadOnly>True</ReadOnly>
    <CanFilterBy>True</CanFilterBy>
    <NullText></NullText>
  </Column>
  <Column>
    <DefaultOrder>11</DefaultOrder>
    <DefaultCharWidth>10</DefaultCharWidth>
    <Mapping>LINE_NBR</Mapping>
    <HeaderText>Claim Line#</HeaderText>
    <Type>Text</Type>
    <Format></Format>
    <ReadOnly>True</ReadOnly>
    <CanFilterBy>True</CanFilterBy>
    <NullText></NullText>
  </Column>
  <Column>
    <DefaultOrder>12</DefaultOrder>
    <DefaultCharWidth>13</DefaultCharWidth>
    <Mapping>PRESCRIPTION_NBR</Mapping>
    <HeaderText>Prescription Nbr</HeaderText>
    <Type>Text</Type>
    <Format></Format>
    <ReadOnly>True</ReadOnly>
    <CanFilterBy>True</CanFilterBy>
    <NullText></NullText>
  </Column>
  <Column>
    <DefaultOrder>13</DefaultOrder>
    <DefaultCharWidth>11</DefaultCharWidth>
    <Mapping>DISPENSE_DATE</Mapping>
    <HeaderText>Dispense Date</HeaderText>
    <Type>Text</Type>
    <Format>MM/dd/yyyy</Format>
    <ReadOnly>True</ReadOnly>
    <CanFilterBy>True</CanFilterBy>
    <NullText></NullText>
  </Column>
  <Column>
    <DefaultOrder>14</DefaultOrder>
    <DefaultCharWidth>8</DefaultCharWidth>
    <Mapping>HRA_QUAL_AMT</Mapping>
    <HeaderText>Qual Amt</HeaderText>
    <Type>Text</Type>
    <Format>c</Format>
    <ReadOnly>True</ReadOnly>
    <CanFilterBy>True</CanFilterBy>
    <NullText></NullText>
  </Column>
  <Column>
    <DefaultOrder>15</DefaultOrder>
    <DefaultCharWidth>13</DefaultCharWidth>
    <Mapping>RX_CLAIM_NBR</Mapping>
    <HeaderText>RxClaim Nbr</HeaderText>
    <Type>Text</Type>
    <Format></Format>
    <ReadOnly>True</ReadOnly>
    <CanFilterBy>True</CanFilterBy>
    <NullText></NullText>
  </Column>
  <Column>
    <DefaultOrder>16</DefaultOrder>
    <DefaultCharWidth>13</DefaultCharWidth>
    <Mapping>RX_CLAIM_NBR_SEQ</Mapping>
    <HeaderText>RxClaim Nbr Seq</HeaderText>
    <Type>Text</Type>
    <Format></Format>
    <ReadOnly>True</ReadOnly>
    <CanFilterBy>True</CanFilterBy>
    <NullText></NullText>
  </Column>
  <Column>
    <DefaultOrder>17</DefaultOrder>
    <DefaultCharWidth>9</DefaultCharWidth>
    <Mapping>CHECK_NBR</Mapping>
    <HeaderText>Check Nbr</HeaderText>
    <Type>Text</Type>
    <Format></Format>
    <ReadOnly>True</ReadOnly>
    <CanFilterBy>True</CanFilterBy>
    <NullText></NullText>
  </Column>
  <Column>
    <DefaultOrder>18</DefaultOrder>
    <DefaultCharWidth>8</DefaultCharWidth>
    <Mapping>COMMENTS</Mapping>
    <HeaderText>Comments</HeaderText>
    <Type>Text</Type>
    <Format></Format>
    <ReadOnly>True</ReadOnly>
    <CanFilterBy>True</CanFilterBy>
    <NullText></NullText>
  </Column>
  <Column>
    <DefaultOrder>19</DefaultOrder>
    <DefaultCharWidth>15</DefaultCharWidth>
    <Mapping>RECEIVE_DATE</Mapping>
    <HeaderText>Received Date</HeaderText>
    <Type>Text</Type>
    <Format>MM/dd/yyyy</Format>
    <ReadOnly>True</ReadOnly>
    <CanFilterBy>True</CanFilterBy>
    <NullText></NullText>
  </Column>
  <Column>
    <DefaultOrder>20</DefaultOrder>
    <DefaultCharWidth>20</DefaultCharWidth>
    <Mapping>PROCESS_STATUS</Mapping>
    <HeaderText>Status</HeaderText>
    <Type>Text</Type>
    <Format></Format>
    <ReadOnly>True</ReadOnly>
    <CanFilterBy>True</CanFilterBy>
    <NullText></NullText>
  </Column>
  <Column>
    <DefaultOrder>20</DefaultOrder>
    <DefaultCharWidth>20</DefaultCharWidth>
    <Mapping>FORM_NAME</Mapping>
    <HeaderText>Form</HeaderText>
    <Type>Text</Type>
    <Format></Format>
    <ReadOnly>True</ReadOnly>
    <CanFilterBy>True</CanFilterBy>
    <NullText></NullText>
  </Column>
  <Column>
    <DefaultOrder>21</DefaultOrder>
    <DefaultCharWidth>15</DefaultCharWidth>
    <Mapping>INDEX_DATE</Mapping>
    <HeaderText>Form Index Date</HeaderText>
    <Type>Text</Type>
    <Format></Format>
    <ReadOnly>True</ReadOnly>
    <CanFilterBy>True</CanFilterBy>
    <NullText></NullText>
  </Column>
  <Column>
    <DefaultOrder>22</DefaultOrder>
    <DefaultCharWidth>15</DefaultCharWidth>
    <Mapping>PROCESS_DATE</Mapping>
    <HeaderText>Form Processed Date</HeaderText>
    <Type>Text</Type>
    <Format>MM/dd/yyyy</Format>
    <ReadOnly>True</ReadOnly>
    <CanFilterBy>True</CanFilterBy>
    <NullText></NullText>
  </Column>
  <Column>
    <DefaultOrder>23</DefaultOrder>
    <DefaultCharWidth>15</DefaultCharWidth>
    <Mapping>STATUS_CODE</Mapping>
    <HeaderText>Form Status</HeaderText>
    <Type>Text</Type>
    <Format></Format>
    <ReadOnly>True</ReadOnly>
    <CanFilterBy>True</CanFilterBy>
    <NullText></NullText>
  </Column>
  <Column>
    <DefaultOrder>24</DefaultOrder>
    <DefaultCharWidth>26</DefaultCharWidth>
    <Mapping>MAXIM_ID</Mapping>
    <HeaderText>Document Identifier</HeaderText>
    <Type>Text</Type>
    <Format></Format>
    <ReadOnly>True</ReadOnly>
    <CanFilterBy>True</CanFilterBy>
    <NullText></NullText>
  </Column>
  <Column>
    <DefaultOrder>25</DefaultOrder>
    <DefaultCharWidth>26</DefaultCharWidth>
    <Mapping>TRANSACTION_DESCRIPTION</Mapping>
    <HeaderText>Transaction Desc.</HeaderText>
    <Type>Text</Type>
    <Format></Format>
    <ReadOnly>True</ReadOnly>
    <CanFilterBy>True</CanFilterBy>
    <NullText></NullText>
  </Column>
  <Column>
    <DefaultOrder>26</DefaultOrder>
    <DefaultCharWidth>26</DefaultCharWidth>
    <Mapping>LASTUPDT</Mapping>
    <HeaderText>Last Updated</HeaderText>
    <Type>Text</Type>
    <Format></Format>
    <ReadOnly>True</ReadOnly>
    <CanFilterBy>True</CanFilterBy>
    <NullText></NullText>
  </Column>
  <Column>
    <DefaultOrder>27</DefaultOrder>
    <DefaultCharWidth>10</DefaultCharWidth>
    <Mapping>TRANS_ID</Mapping>
    <HeaderText>Transaction Identifier</HeaderText>
    <Type>Text</Type>
    <Format></Format>
    <ReadOnly>True</ReadOnly>
    <CanFilterBy>True</CanFilterBy>
    <NullText></NullText>
  </Column>
  <Column>
    <DefaultOrder>28</DefaultOrder>
    <DefaultCharWidth>9</DefaultCharWidth>
    <Mapping>HT_CREATE_USERID</Mapping>
    <HeaderText>User</HeaderText>
    <Type>Text</Type>
    <GAC>CMSUsers</GAC>
    <Format></Format>
    <ReadOnly>True</ReadOnly>
    <CanFilterBy>True</CanFilterBy>
    <NullText></NullText>
  </Column>
</HRAActivityDataGridStyle>