<?xml version="1.0" encoding="utf-8"?>
<COBDataGridStyle>
  <ColumnCount>31</ColumnCount>
  <GridLineStyle>False</GridLineStyle>
  <GridDefaultSort>OCC_FROM_DATE DESC</GridDefaultSort>
  <Column>
    <DefaultOrder>1</DefaultOrder>
    <DefaultCharWidth>10</DefaultCharWidth>
    <Mapping>OCC_FROM_DATE</Mapping>
    <HeaderText>Insurance Start</HeaderText>
    <Type>Text</Type>
    <Format>MM/dd/yyyy</Format>
    <ReadOnly>True</ReadOnly>
    <NullText></NullText>
  </Column>
  <Column>
    <DefaultOrder>2</DefaultOrder>
    <DefaultCharWidth>10</DefaultCharWidth>
    <Mapping>OCC_TO_DATE</Mapping>
    <HeaderText>Insurance End</HeaderText>
    <Type>Text</Type>
    <Format>MM/dd/yyyy</Format>
    <ReadOnly>True</ReadOnly>
    <NullText></NullText>
  </Column>
  <Column>
    <DefaultOrder>3</DefaultOrder>
    <DefaultCharWidth>11</DefaultCharWidth>
    <Mapping>UPDATE_REASON</Mapping>
    <HeaderText>Update Reason</HeaderText>
    <Type>Text</Type>
    <Format></Format>
    <ReadOnly>True</ReadOnly>
    <NullText></NullText>
  </Column>
  <Column>
    <DefaultOrder>4</DefaultOrder>
    <DefaultCharWidth>13</DefaultCharWidth>
    <Mapping>WORKING_SPOUSE_SW</Mapping>
    <HeaderText>Working Spouse</HeaderText>
    <Type>Boolean</Type>
    <Format></Format>
    <ReadOnly>True</ReadOnly>
    <NullText></NullText>
  </Column>
  <Column>
    <DefaultOrder>5</DefaultOrder>
    <DefaultCharWidth>13</DefaultCharWidth>
    <Mapping>OTH_INS_REFUSAL_SW</Mapping>
    <HeaderText>Insurance Declined</HeaderText>
    <Type>Boolean</Type>
    <Format></Format>
    <ReadOnly>True</ReadOnly>
    <NullText></NullText>
  </Column>
  <Column>
    <DefaultOrder>6</DefaultOrder>
    <DefaultCharWidth>17</DefaultCharWidth>
    <Mapping>PAYER_NAME</Mapping>
    <HeaderText>Insurer</HeaderText>
    <Type>Text</Type>
    <Format></Format>
    <ReadOnly>True</ReadOnly>
    <NullText></NullText>
  </Column>
  <Column>
    <DefaultOrder>7</DefaultOrder>
    <DefaultCharWidth>13</DefaultCharWidth>
    <Mapping>OTH_PAYER_ID</Mapping>
    <HeaderText>Insurer ID</HeaderText>
    <Type>Text</Type>
    <Format></Format>
    <ReadOnly>True</ReadOnly>
    <NullText></NullText>
  </Column>
  <Column>
    <DefaultOrder>8</DefaultOrder>
    <DefaultCharWidth>13</DefaultCharWidth>
    <Mapping>OTH_POLICY</Mapping>
    <HeaderText>Policy</HeaderText>
    <Type>Text</Type>
    <Format></Format>
    <ReadOnly>True</ReadOnly>
    <NullText></NullText>
  </Column>
  <Column>
    <DefaultOrder>9</DefaultOrder>
    <DefaultCharWidth>13</DefaultCharWidth>
    <Mapping>OTH_TAXID</Mapping>
    <HeaderText>TaxID</HeaderText>
    <Type>Text</Type>
    <Format></Format>
    <ReadOnly>True</ReadOnly>
    <NullText></NullText>
  </Column>
  <Column>
    <DefaultOrder>10</DefaultOrder>
    <DefaultCharWidth>7</DefaultCharWidth>
    <Mapping>OTH_PAT_ACCT_NBR</Mapping>
    <HeaderText>Patient ID</HeaderText>
    <Type>Text</Type>
    <Format></Format>
    <ReadOnly>True</ReadOnly>
    <NullText></NullText>
  </Column>
  <Column>
    <DefaultOrder>11</DefaultOrder>
    <DefaultCharWidth>9</DefaultCharWidth>
    <Mapping>OTH_SSN</Mapping>
    <HeaderText>SSN</HeaderText>
    <Type>Text</Type>
    <Format>000-00-0000</Format>
    <ReadOnly>True</ReadOnly>
    <NullText></NullText>
  </Column>
  <Column>
    <DefaultOrder>12</DefaultOrder>
    <DefaultCharWidth>13</DefaultCharWidth>
    <Mapping>OTH_FNAME</Mapping>
    <HeaderText>First Name</HeaderText>
    <Type>Text</Type>
    <Format></Format>
    <ReadOnly>True</ReadOnly>
    <NullText></NullText>
  </Column>
  <Column>
    <DefaultOrder>13</DefaultOrder>
    <DefaultCharWidth>17</DefaultCharWidth>
    <Mapping>OTH_LNAME</Mapping>
    <HeaderText>Last Name</HeaderText>
    <Type>Text</Type>
    <Format></Format>
    <ReadOnly>True</ReadOnly>
    <NullText></NullText>
  </Column>
  <Column>
    <DefaultOrder>14</DefaultOrder>
    <DefaultCharWidth>6</DefaultCharWidth>
    <Mapping>OTH_SEX</Mapping>
    <HeaderText>Gender</HeaderText>
    <Type>Text</Type>
    <Format></Format>
    <ReadOnly>True</ReadOnly>
    <NullText></NullText>
  </Column>
  <Column>
    <DefaultOrder>15</DefaultOrder>
    <DefaultCharWidth>11</DefaultCharWidth>
    <Mapping>DESCRIPTION</Mapping>
    <HeaderText>Relationship</HeaderText>
    <Type>Text</Type>
    <Format></Format>
    <ReadOnly>True</ReadOnly>
    <NullText></NullText>
  </Column>
  <Column>
    <DefaultOrder>16</DefaultOrder>
    <DefaultCharWidth>13</DefaultCharWidth>
    <Mapping>OTH_DOB</Mapping>
    <HeaderText>DOB</HeaderText>
    <Type>Text</Type>
    <Format>MM/dd/yyyy</Format>
    <ReadOnly>True</ReadOnly>
    <NullText></NullText>
  </Column>
  <Column>
    <DefaultOrder>17</DefaultOrder>
    <DefaultCharWidth>13</DefaultCharWidth>
    <Mapping>OTH_COMMENTS</Mapping>
    <HeaderText>Other Payer</HeaderText>
    <Type>Text</Type>
    <Format></Format>
    <ReadOnly>True</ReadOnly>
    <NullText></NullText>
  </Column>
  <Column>
    <DefaultOrder>18</DefaultOrder>
    <DefaultCharWidth>13</DefaultCharWidth>
    <Mapping>DOCID</Mapping>
    <HeaderText>Source Document</HeaderText>
    <Type>Text</Type>
    <Format></Format>
    <ReadOnly>True</ReadOnly>
    <NullText></NullText>
  </Column>
  <Column>
    <DefaultOrder>19</DefaultOrder>
    <DefaultCharWidth>13</DefaultCharWidth>
    <Mapping>USERID</Mapping>
    <HeaderText>Last Modified By</HeaderText>
    <GAC>CMSUsers</GAC>
    <Type>Text</Type>
    <Format></Format>
    <ReadOnly>True</ReadOnly>
    <NullText></NullText>
  </Column>
  <Column>
    <DefaultOrder>20</DefaultOrder>
    <DefaultCharWidth>13</DefaultCharWidth>
    <Mapping>LASTUPDT</Mapping>
    <HeaderText>Last Modified Date</HeaderText>
    <Type>Text</Type>
    <Format></Format>
    <ReadOnly>True</ReadOnly>
    <NullText></NullText>
  </Column>
  <Column>
    <DefaultOrder>20</DefaultOrder>
    <DefaultCharWidth>13</DefaultCharWidth>
    <Mapping>OTH_SUB_ACCT_NBR</Mapping>
    <HeaderText>Subscriber ID</HeaderText>
    <Type>Text</Type>
    <Format></Format>
    <ReadOnly>True</ReadOnly>
    <NullText></NullText>
  </Column>
  <Column>
    <DefaultOrder>21</DefaultOrder>
    <DefaultCharWidth>13</DefaultCharWidth>
    <Mapping>ADDRESS_LINE1</Mapping>
    <HeaderText>Address Line 1</HeaderText>
    <Type>Text</Type>
    <Format></Format>
    <ReadOnly>True</ReadOnly>
    <NullText></NullText>
  </Column>
  <Column>
    <DefaultOrder>22</DefaultOrder>
    <DefaultCharWidth>13</DefaultCharWidth>
    <Mapping>ADDRESS_LINE2</Mapping>
    <HeaderText>Address Line 2</HeaderText>
    <Type>Text</Type>
    <Format></Format>
    <ReadOnly>True</ReadOnly>
    <NullText></NullText>
  </Column>
  <Column>
    <DefaultOrder>23</DefaultOrder>
    <DefaultCharWidth>14</DefaultCharWidth>
    <Mapping>CITY</Mapping>
    <HeaderText>City</HeaderText>
    <Type>Text</Type>
    <Format></Format>
    <ReadOnly>True</ReadOnly>
    <NullText></NullText>
  </Column>
  <Column>
    <DefaultOrder>24</DefaultOrder>
    <DefaultCharWidth>15</DefaultCharWidth>
    <Mapping>STATE</Mapping>
    <HeaderText>State</HeaderText>
    <Type>Text</Type>
    <Format></Format>
    <ReadOnly>True</ReadOnly>
    <NullText></NullText>
  </Column>
  <Column>
    <DefaultOrder>25</DefaultOrder>
    <DefaultCharWidth>15</DefaultCharWidth>
    <Mapping>ZIP</Mapping>
    <HeaderText>ZIP</HeaderText>
    <Type>Text</Type>
    <Format></Format>
    <ReadOnly>True</ReadOnly>
    <NullText></NullText>
  </Column>
  <Column>
    <DefaultOrder>26</DefaultOrder>
    <DefaultCharWidth>15</DefaultCharWidth>
    <Mapping>ZIP_4</Mapping>
    <HeaderText>Zip+4</HeaderText>
    <Type>Text</Type>
    <Format></Format>
    <ReadOnly>True</ReadOnly>
    <NullText></NullText>
  </Column>
  <Column>
    <DefaultOrder>27</DefaultOrder>
    <DefaultCharWidth>15</DefaultCharWidth>
    <Mapping>COUNTRY</Mapping>
    <HeaderText>Country</HeaderText>
    <Type>Text</Type>
    <Format></Format>
    <ReadOnly>True</ReadOnly>
    <NullText></NullText>
  </Column>
  <Column>
    <DefaultOrder>28</DefaultOrder>
    <DefaultCharWidth>15</DefaultCharWidth>
    <Mapping>PHONE</Mapping>
    <HeaderText>Phone</HeaderText>
    <Type>Text</Type>
    <Format></Format>
    <ReadOnly>True</ReadOnly>
    <NullText></NullText>
  </Column>
  <Column>
    <DefaultOrder>29</DefaultOrder>
    <DefaultCharWidth>15</DefaultCharWidth>
    <Mapping>EXTENSION1</Mapping>
    <HeaderText>Phone Ext.</HeaderText>
    <Type>Text</Type>
    <Format></Format>
    <ReadOnly>True</ReadOnly>
    <NullText></NullText>
  </Column>
  <Column>
    <DefaultOrder>30</DefaultOrder>
    <DefaultCharWidth>15</DefaultCharWidth>
    <Mapping>HICN</Mapping>
    <HeaderText>Medicare No.</HeaderText>
    <Type>Text</Type>
    <Format></Format>
    <ReadOnly>True</ReadOnly>
    <NullText></NullText>
  </Column>
  <Column>
    <DefaultOrder>31</DefaultOrder>
    <DefaultCharWidth>10</DefaultCharWidth>
    <Mapping>RELATION_ID</Mapping>
    <HeaderText>RID.</HeaderText>
    <Type>Text</Type>
    <Format></Format>
    <ReadOnly>True</ReadOnly>
    <NullText></NullText>
  </Column>
</COBDataGridStyle>