<?xml version="1.0" encoding="utf-8"?>
<LETTER_MASTERDataGridStyle>
  <ColumnCount>3</ColumnCount>
  <Column>
    <DefaultOrder>1</DefaultOrder>
    <DefaultCharWidth>20</DefaultCharWidth>
    <Mapping>LETTER_NAME</Mapping>
    <HeaderText>Letter Name</HeaderText>
    <Type>Text</Type>
    <Format></Format>
    <ReadOnly>True</ReadOnly>
    <NullText></NullText>
  </Column>
  <Column>
    <DefaultOrder>2</DefaultOrder>
    <DefaultCharWidth>100</DefaultCharWidth>
    <Mapping>DESCRIPTION</Mapping>
    <HeaderText>Description</HeaderText>
    <Type>Text</Type>
    <Format></Format>
    <ReadOnly>True</ReadOnly>
    <NullText></NullText>
  </Column>
  <Column>
    <DefaultOrder>3</DefaultOrder>
    <DefaultCharWidth>100</DefaultCharWidth>
    <Mapping>PRINT_FREQ</Mapping>
    <HeaderText>Frequency</HeaderText>
    <Type>Text</Type>
    <Format></Format>
    <ReadOnly>True</ReadOnly>
    <NullText></NullText>
  </Column>
</LETTER_MASTERDataGridStyle>