<?xml version="1.0" encoding="utf-8"?>
<LETTER_BOOKMARKSDataGridStyle>
  <ColumnCount>5</ColumnCount>
  <Column>
    <DefaultOrder>1</DefaultOrder>
    <DefaultCharWidth>25</DefaultCharWidth>
    <Mapping>DESCRIPTION</Mapping>
    <HeaderText>Description</HeaderText>
    <Format></Format>
    <Type>Text</Type>
    <ReadOnly>True</ReadOnly>
    <NullText></NullText>
  </Column>
  <Column>
    <DefaultOrder>2</DefaultOrder>
    <DefaultCharWidth>8</DefaultCharWidth>
    <Mapping>REQUIRED</Mapping>
    <HeaderText>Required</HeaderText>
    <Format>Yes;;No</Format>
    <Type>Text</Type>
    <ReadOnly>True</ReadOnly>
    <NullText></NullText>
  </Column>
  <Column>
    <DefaultOrder>3</DefaultOrder>
    <DefaultCharWidth>15</DefaultCharWidth>
    <Mapping>MODIFIED_TEXT</Mapping>
    <HeaderText>BookMark Text</HeaderText>
    <Type>Button</Type>
	<Method>ModifyTextButton_Click</Method>
    <Format></Format>
    <ReadOnly></ReadOnly>
    <NullText></NullText>
  </Column>
  <Column>
    <DefaultOrder>4</DefaultOrder>
    <DefaultCharWidth>8</DefaultCharWidth>
    <Mapping>MODIFIABLE</Mapping>
    <HeaderText>Modifiable</HeaderText>
    <Format>Yes;;No</Format>
    <Type>Text</Type>
    <ReadOnly>True</ReadOnly>
    <NullText></NullText>
  </Column>
  <Column>
    <DefaultOrder>5</DefaultOrder>
    <DefaultCharWidth>200</DefaultCharWidth>
    <Mapping>DEFAULT_TEXT</Mapping>
    <HeaderText>Default Text</HeaderText>
    <Type>Text</Type>
	<Method></Method>
    <ReadOnly>True</ReadOnly>
    <Format></Format>
    <NullText></NullText>
  </Column>
  <Column>
    <DefaultOrder>6</DefaultOrder>
    <DefaultCharWidth>25</DefaultCharWidth>
    <Mapping>BOOK_MARK</Mapping>
    <HeaderText>Letter BookMark</HeaderText>
    <Format></Format>
    <Type>Text</Type>
    <ReadOnly>True</ReadOnly>
    <NullText></NullText>
  </Column>
</LETTER_BOOKMARKSDataGridStyle>